{
  "1": "NATIONAL INSTITUTE OF ALLERGY AND INFECTIOUS DISEASES: Infectious Diseases",
  "2": "FOOD AND DRUG ADMINISTRATION: Clinical Research",
  "3": "NATIONAL CANCER INSTITUTE: Clinical Research",
  "4": "NATIONAL CANCER INSTITUTE: Clinical Research",
  "5": "NATIONAL CANCER INSTITUTE: Clinical Research",
  "6": "NATIONAL INSTITUTE OF GENERAL MEDICAL SCIENCES: Clinical Research",
  "7": "NATIONAL INSTITUTE OF GENERAL MEDICAL SCIENCES: Clinical Research",
  "8": "NATIONAL INSTITUTE OF ALLERGY AND INFECTIOUS DISEASES: Cancer",
  "9": "NATIONAL HEART, LUNG, AND BLOOD INSTITUTE: Clinical Research",
  "10": "NATIONAL INSTITUTE OF GENERAL MEDICAL SCIENCES: Clinical Research",
  "11": "NATIONAL INSTITUTE OF MENTAL HEALTH: Clinical Research",
  "12": "NATIONAL CANCER INSTITUTE: Clinical Research",
  "13": "NATIONAL INSTITUTE OF MENTAL HEALTH: Clinical Research",
  "14": "NATIONAL INSTITUTE OF MENTAL HEALTH: Neurosciences",
  "15": "NATIONAL INSTITUTE ON AGING: Clinical Research",
  "16": "NATIONAL INSTITUTE OF MENTAL HEALTH: Clinical Research",
  "17": "NATIONAL CANCER INSTITUTE: Clinical Research",
  "18": "NATIONAL INSTITUTE ON DRUG ABUSE: Behavioral and Social Science",
  "19": "NATIONAL INSTITUTE OF MENTAL HEALTH: Clinical Research",
  "20": "NATIONAL INSTITUTE OF GENERAL MEDICAL SCIENCES: Genetics",
  "21": "NATIONAL INSTITUTE OF DIABETES AND DIGESTIVE AND KIDNEY DISEASES: Neurosciences",
  "22": "NATIONAL CANCER INSTITUTE: Genetics",
  "23": "NATIONAL INSTITUTE OF GENERAL MEDICAL SCIENCES: Genetics",
  "24": "NATIONAL INSTITUTE OF ALLERGY AND INFECTIOUS DISEASES: Clinical Research",
  "25": "NATIONAL CANCER INSTITUTE: Clinical Research",
  "26": "NATIONAL INSTITUTE OF MENTAL HEALTH: Clinical Research",
  "27": "NATIONAL CANCER INSTITUTE: Biotechnology",
  "28": "NATIONAL INSTITUTE OF GENERAL MEDICAL SCIENCES: Bioengineering",
  "29": "NATIONAL HEART, LUNG, AND BLOOD INSTITUTE: Genetics",
  "30": "NATIONAL INSTITUTE OF GENERAL MEDICAL SCIENCES: Genetics",
  "31": "NATIONAL INSTITUTE OF GENERAL MEDICAL SCIENCES: Genetics",
  "32": "NATIONAL INSTITUTE OF GENERAL MEDICAL SCIENCES: Genetics",
  "33": "NATIONAL INSTITUTE OF MENTAL HEALTH: Neurosciences",
  "34": "NATIONAL CANCER INSTITUTE: Genetics",
  "35": "NATIONAL INSTITUTE OF ALLERGY AND INFECTIOUS DISEASES: Genetics",
  "36": "NATIONAL INSTITUTE OF GENERAL MEDICAL SCIENCES: Genetics",
  "37": "NATIONAL HEART, LUNG, AND BLOOD INSTITUTE: Genetics",
  "38": "NATIONAL CANCER INSTITUTE: Genetics",
  "39": "NATIONAL INSTITUTE OF NEUROLOGICAL DISORDERS AND STROKE: Neurosciences",
  "40": "NATIONAL CANCER INSTITUTE: Genetics",
  "41": "NATIONAL HEART, LUNG, AND BLOOD INSTITUTE: Neurosciences",
  "42": "NATIONAL INSTITUTE OF GENERAL MEDICAL SCIENCES: Genetics",
  "43": "NATIONAL CANCER INSTITUTE: Clinical Research",
  "44": "NATIONAL INSTITUTE OF BIOMEDICAL IMAGING AND BIOENGINEERING: Bioengineering",
  "45": "NATIONAL CANCER INSTITUTE: Biotechnology",
  "46": "NATIONAL INSTITUTE OF ALLERGY AND INFECTIOUS DISEASES: Biotechnology",
  "47": "NATIONAL INSTITUTE OF ALLERGY AND INFECTIOUS DISEASES: Genetics",
  "48": "NATIONAL CANCER INSTITUTE: Clinical Research",
  "49": "NATIONAL HEART, LUNG, AND BLOOD INSTITUTE: Clinical Research",
  "50": "NATIONAL CANCER INSTITUTE: Clinical Research"
}