{
  "domains": {
    "1": "Clinical Trials & Prevention",
    "2": "Behavioral & Social Science",
    "3": "Genetics & Biotechnology",
    "4": "Rare Diseases & Genomics",
    "5": "Neuroscience & Behavior",
    "6": "Molecular Biology & Genomics",
    "7": "Infectious Disease & Immunology",
    "8": "Clinical & Translational Research",
    "9": "Cancer Biology & Oncology",
    "10": "Bioengineering & Technology"
  },
  "topics": {
    "1": "Clinical Trials & Prevention > Influenza",
    "2": "Clinical Trials & Prevention > Aging",
    "3": "Clinical Trials & Prevention > Social Determinants of Health",
    "4": "Clinical Trials & Prevention > Brain Disorders",
    "5": "Clinical Trials & Prevention > Minority Health",
    "6": "Clinical Trials & Prevention > Clinical Trials and Supportive A...",
    "7": "Behavioral & Social Science > Rare Diseases",
    "8": "Behavioral & Social Science > Comparative Effectiveness Research",
    "9": "Behavioral & Social Science > Substance Abuse",
    "10": "Behavioral & Social Science > Human Genome",
    "11": "Behavioral & Social Science > Social Determinants of Health",
    "12": "Behavioral & Social Science > Patient Safety",
    "13": "Genetics & Biotechnology > Health Services",
    "14": "Genetics & Biotechnology > Nanotechnology",
    "15": "Genetics & Biotechnology > Human Genome",
    "16": "Genetics & Biotechnology > Biodefense",
    "17": "Genetics & Biotechnology > Digestive Diseases",
    "18": "Genetics & Biotechnology > Basic Behavioral and Social Science",
    "19": "Rare Diseases & Genomics > Stem Cell Research",
    "20": "Rare Diseases & Genomics > Digestive Diseases",
    "21": "Rare Diseases & Genomics > Networking and Information Techn...",
    "22": "Rare Diseases & Genomics > Nutrition",
    "23": "Rare Diseases & Genomics > Cancer",
    "24": "Rare Diseases & Genomics > Hematology",
    "25": "Neuroscience & Behavior > Neurosciences**",
    "26": "Neuroscience & Behavior > Eye Disease and Disorders of Vision",
    "27": "Neuroscience & Behavior > Prevention",
    "28": "Neuroscience & Behavior > Genetics",
    "29": "Neuroscience & Behavior > Mind and Body",
    "30": "Neuroscience & Behavior > Serious Mental Illness",
    "31": "Molecular Biology & Genomics > Substance Abuse",
    "32": "Molecular Biology & Genomics > Heart Disease",
    "33": "Molecular Biology & Genomics > Genetics",
    "34": "Molecular Biology & Genomics > Immunization",
    "35": "Molecular Biology & Genomics > Bioengineering",
    "36": "Molecular Biology & Genomics > Regenerative Medicine",
    "37": "Infectious Disease & Immunology > Clinical Research",
    "38": "Infectious Disease & Immunology > Regenerative Medicine",
    "39": "Infectious Disease & Immunology > Dental/Oral and Craniofacial Dis...",
    "40": "Infectious Disease & Immunology > Bioengineering",
    "41": "Infectious Disease & Immunology > Cancer",
    "42": "Infectious Disease & Immunology > Biodefense",
    "43": "Clinical & Translational Research > Biotechnology",
    "44": "Clinical & Translational Research > Genetics",
    "45": "Clinical & Translational Research > Genetics",
    "46": "Clinical & Translational Research > Clinical Research",
    "47": "Clinical & Translational Research > Topic 47",
    "48": "Clinical & Translational Research > Clinical Trials and Supportive A...",
    "49": "Cancer Biology & Oncology > Mental Health",
    "50": "Cancer Biology & Oncology > Substance Abuse",
    "51": "Cancer Biology & Oncology > Cardiovascular",
    "52": "Cancer Biology & Oncology > Emerging Infectious Diseases",
    "53": "Cancer Biology & Oncology > Orphan Drug",
    "54": "Cancer Biology & Oncology > Human Genome",
    "55": "Bioengineering & Technology > Networking and Information Techn...",
    "56": "Bioengineering & Technology > Mental Health",
    "57": "Bioengineering & Technology > Networking and Information Techn...",
    "58": "Bioengineering & Technology > Vaccine Related",
    "59": "Bioengineering & Technology > Rehabilitation",
    "60": "Bioengineering & Technology > Nanotechnology"
  },
  "config": {
    "method": "hierarchical_ward",
    "levels": 3,
    "k_domains": 10,
    "total_topics": 60,
    "features": "PubMedBERT (60%) + RCDC (25%) + Terms (15%)",
    "notes": "Clusters by science, not by IC"
  }
}